Age,Gender,Location,Time In
16,Male,North London,2:00pm
21,Female,Southampton,2:00pm
21,Female,Southampton,2:00pm
30+,Male,South England,2:30pm
14,Male,West London,2:38pm
23,Male,West London,2:39pm
23,Male,West London,2:39pm
19,Female,East London,2:43pm
18,Female,East London,2:43pm
23,Female,East London,2:43pm
19,Male,South East London,2:51pm
30+,Male,Oxford,2:35pm
13,Male,Oxford,2:35pm
30,Male,Oxford,2:35pm
13,Male,Romford,3:06pm
18,Male,Romford,3:06pm
21,Female,Croydon,3:20pm
14,Male,East London,3:20pm
24,Female,East London,3:20pm
22,Male,South London,3:22pm
29,Male,South London,3:22pm
40,Male,South London,3:30pm
20,Male,North London,3:30pm
30,Female,North London,3:30pm
14,Male,London,3:30pm
40+,Female,South East London,3:40pm
50+,Male,South East London,3:40pm
16,Male,North London,4:00pm
20,Female,North London,4:00pm
17,Male,West London,4:00pm
17,Female,West London,4:00pm
28,Male,East London,4:00pm
27,Male,North London,4:20pm
24,Female,East London,4:28pm
21,Male,Birmingham,4:30pm
17,Female,Birmingham,4:30pm
21,Male,London,4:30pm
18,Female,South London,4:31pm
18,Female,South London,4:31pm
24,Female,East London,4:31pm
12,Female,East London,4:31pm
13,Female,East London,4:31pm
16,Female,East London,4:31pm
10,Male,East London,4:31pm
8,Male,East London,4:31pm
17,Male,East London,4:31pm
30+,Female,East London,4:31pm
19,Female,West London,4:40pm
10,Male,North London,4:42pm
5,Male,North London,4:42pm
30+,Male,East London,4:56pm
10,Male,East London,5:06pm
20,Female,East London,5:06pm
22,Male,South London,5:22pm
21,Male,South London,5:22pm
20,Male,South London,5:22pm
20,Male,South London,5:22pm
22,Female,East London,5:25pm
23,Female,East London,5:29pm
21,Male,East London,5:29pm
17,Female,East London,5:29pm
16,Male,East London,5:29pm
24,Female,East London,5:34pm
22,Male,South London,5:37pm
21,Male,Central London,5:37pm
22,Male,South London,5:38pm
50,Male,South East London,5:42pm
14,Female,South London,5:50pm
12,Female,West London,5:46pm
21,Female,South East London,5:46pm
16,Female,South West London,5:46pm
21,Female,South West London,5:46pm
21,Female,South West London,5:46pm
18,Male,South West London,5:50pm
21,Female,East London,5:50pm
21,Male,East London,5:50pm
20,Male,North London,5:50pm